backend,op,interp,src_w,src_h,dst_w,dst_h,rot,stress,iters,variant,min_us,mean_us,trimmed_mean_us,stddev_us,cv,p50_us,p95_us,p99_us,max_us
halide,rotate,linear,1080,1440,1440,1080,90,0,10,0,891,1055.30,1055.30,276.83,0.2623,951,1873,1873,1873
halide,nv21_resize_rgb,nearest,1080,1440,384,384,90,0,300,0,124,272.88,248.03,165.51,0.6065,232,493,1116,1489
halide,nv21_resize_rgb,nearest,1080,1440,384,384,90,0,300,1,87,168.30,160.01,73.33,0.4357,149,302,435,563
halide,nv21_resize_rgb,nearest,1080,1440,384,384,90,0,300,2,168,317.75,300.06,132.51,0.4170,293,543,888,1266
halide,nv21_resize_rgb,nearest,1080,1440,384,384,90,0,300,3,106,195.51,192.60,55.10,0.2819,189,287,340,504
halide,nv21_resize_rgb,nearest,1080,1440,518,518,90,0,300,0,252,425.48,405.84,152.56,0.3586,386,693,1152,1318
halide,nv21_resize_rgb,nearest,1080,1440,518,518,90,0,300,1,151,260.06,253.39,79.56,0.3059,240,392,556,666
halide,nv21_resize_rgb,nearest,1080,1440,518,518,90,0,300,2,307,501.56,483.67,166.09,0.3311,468,817,1140,1496
halide,nv21_resize_rgb,nearest,1080,1440,518,518,90,0,300,3,172,279.19,275.04,59.96,0.2148,269,406,460,494
halide,nv21_resize_rgb,nearest,1080,1440,640,640,90,0,300,0,304,476.24,457.55,143.56,0.3015,442,750,1142,1277
halide,nv21_resize_rgb,nearest,1080,1440,640,640,90,0,300,1,193,337.19,331.44,87.57,0.2597,331,485,584,937
halide,nv21_resize_rgb,nearest,1080,1440,640,640,90,0,300,2,372,560.72,550.68,130.03,0.2319,548,767,1030,1318
halide,nv21_resize_rgb,nearest,1080,1440,640,640,90,0,300,3,302,522.25,496.02,190.32,0.3644,473,856,1481,1582
halide,nv21_resize_rgb,nearest,1080,1440,1280,1280,90,0,300,0,757,889.52,875.75,134.55,0.1513,826,1143,1345,1442
halide,nv21_resize_rgb,nearest,1080,1440,1280,1280,90,0,300,1,675,799.24,784.05,127.02,0.1589,770,1024,1140,1895
halide,nv21_resize_rgb,nearest,1080,1440,1280,1280,90,0,300,2,764,1122.27,1085.39,361.59,0.3222,985,1955,2110,2957
halide,nv21_resize_rgb,nearest,1080,1440,1280,1280,90,0,300,3,697,844.10,810.89,213.29,0.2527,749,1235,1700,2242
halide,nv21_resize_rgb,nearest,1080,1440,1408,1408,90,0,300,0,837,939.85,926.94,100.39,0.1068,907,1151,1299,1567
halide,nv21_resize_rgb,nearest,1080,1440,1408,1408,90,0,300,1,826,979.07,948.74,197.98,0.2022,918,1357,1991,2076
halide,nv21_resize_rgb,nearest,1080,1440,1408,1408,90,0,300,2,844,1028.62,1006.42,201.04,0.1954,948,1445,1738,1776
halide,nv21_resize_rgb,nearest,1080,1440,1408,1408,90,0,300,3,769,894.68,874.98,133.97,0.1497,848,1158,1437,1695
halide,nv21_resize_rgb,nearest,2296,3056,384,384,90,0,300,0,134,249.93,239.68,97.38,0.3896,227,409,511,1095
halide,nv21_resize_rgb,nearest,2296,3056,384,384,90,0,300,1,100,196.88,178.22,132.51,0.6730,167,348,600,1416
halide,nv21_resize_rgb,nearest,2296,3056,384,384,90,0,300,2,190,270.83,259.91,93.16,0.3440,231,454,584,784
halide,nv21_resize_rgb,nearest,2296,3056,384,384,90,0,300,3,109,252.86,242.47,104.06,0.4115,228,429,573,1133
halide,nv21_resize_rgb,nearest,2296,3056,518,518,90,0,300,0,208,425.78,405.94,157.63,0.3702,382,628,1170,1367
halide,nv21_resize_rgb,nearest,2296,3056,518,518,90,0,300,1,158,307.89,284.27,158.18,0.5137,269,466,1214,1306
halide,nv21_resize_rgb,nearest,2296,3056,518,518,90,0,300,2,311,540.33,521.99,178.15,0.3297,497,898,1156,1508
halide,nv21_resize_rgb,nearest,2296,3056,518,518,90,0,300,3,208,339.59,331.09,85.16,0.2508,325,486,598,994
halide,nv21_resize_rgb,nearest,2296,3056,640,640,90,0,300,0,307,509.85,483.96,176.26,0.3457,463,847,1288,1372
halide,nv21_resize_rgb,nearest,2296,3056,640,640,90,0,300,1,237,366.08,357.73,95.49,0.2608,349,508,633,1169
halide,nv21_resize_rgb,nearest,2296,3056,640,640,90,0,300,2,394,706.86,672.56,279.92,0.3960,647,1193,1636,3258
halide,nv21_resize_rgb,nearest,2296,3056,640,640,90,0,300,3,226,394.05,386.57,107.14,0.2719,380,575,759,997
halide,nv21_resize_rgb,nearest,2296,3056,1280,1280,90,0,300,0,755,880.35,860.17,144.26,0.1639,829,1180,1459,1674
halide,nv21_resize_rgb,nearest,2296,3056,1280,1280,90,0,300,1,673,867.78,839.83,210.82,0.2429,784,1287,1784,1871
halide,nv21_resize_rgb,nearest,2296,3056,1280,1280,90,0,300,2,781,1054.70,1029.77,270.36,0.2563,933,1567,1819,2220
halide,nv21_resize_rgb,nearest,2296,3056,1280,1280,90,0,300,3,709,871.10,845.24,217.81,0.2500,758,1342,1570,1756
halide,nv21_resize_rgb,nearest,2296,3056,1408,1408,90,0,300,0,866,1114.73,1089.21,206.62,0.1854,1063,1527,1907,2219
halide,nv21_resize_rgb,nearest,2296,3056,1408,1408,90,0,300,1,860,993.26,984.29,92.35,0.0930,969,1177,1344,1424
halide,nv21_resize_rgb,nearest,2296,3056,1408,1408,90,0,300,2,886,1334.60,1294.11,333.09,0.2496,1257,2084,2610,3283
halide,nv21_resize_rgb,nearest,2296,3056,1408,1408,90,0,300,3,816,975.90,968.61,105.27,0.1079,964,1168,1256,1516
halide,nv21_resize_rgb,nearest,3000,4000,384,384,90,0,300,0,138,286.42,272.77,123.62,0.4316,255,491,687,1188
halide,nv21_resize_rgb,nearest,3000,4000,384,384,90,0,300,1,98,210.46,198.26,102.38,0.4865,186,336,618,1134
halide,nv21_resize_rgb,nearest,3000,4000,384,384,90,0,300,2,190,276.62,266.52,83.67,0.3025,244,424,593,848
halide,nv21_resize_rgb,nearest,3000,4000,384,384,90,0,300,3,111,247.10,229.33,141.16,0.5713,219,393,1040,1401
halide,nv21_resize_rgb,nearest,3000,4000,518,518,90,0,300,0,239,433.83,414.41,158.43,0.3652,396,722,1145,1435
halide,nv21_resize_rgb,nearest,3000,4000,518,518,90,0,300,1,216,373.33,359.18,127.23,0.3408,341,601,884,1196
halide,nv21_resize_rgb,nearest,3000,4000,518,518,90,0,300,2,314,559.11,535.69,203.87,0.3646,526,924,1257,1770
halide,nv21_resize_rgb,nearest,3000,4000,518,518,90,0,300,3,237,402.85,393.08,117.79,0.2924,370,615,762,1162
halide,nv21_resize_rgb,nearest,3000,4000,640,640,90,0,300,0,305,506.16,489.65,146.61,0.2896,475,730,1180,1342
halide,nv21_resize_rgb,nearest,3000,4000,640,640,90,0,300,1,189,351.42,338.97,135.19,0.3847,325,571,745,1331
halide,nv21_resize_rgb,nearest,3000,4000,640,640,90,0,300,2,386,694.73,675.46,209.51,0.3016,662,1064,1410,1951
halide,nv21_resize_rgb,nearest,3000,4000,640,640,90,0,300,3,191,380.59,376.48,85.38,0.2243,375,529,612,701
halide,nv21_resize_rgb,nearest,3000,4000,1280,1280,90,0,300,0,762,903.67,888.10,134.20,0.1485,841,1205,1360,1409
halide,nv21_resize_rgb,nearest,3000,4000,1280,1280,90,0,300,1,682,816.17,800.07,121.58,0.1490,786,1025,1312,1639
halide,nv21_resize_rgb,nearest,3000,4000,1280,1280,90,0,300,2,778,977.14,953.68,215.83,0.2209,870,1394,1638,1761
halide,nv21_resize_rgb,nearest,3000,4000,1280,1280,90,0,300,3,712,864.48,847.39,134.28,0.1553,818,1131,1423,1565
halide,nv21_resize_rgb,nearest,3000,4000,1408,1408,90,0,300,0,840,987.72,962.67,169.64,0.1717,929,1382,1564,2030
halide,nv21_resize_rgb,nearest,3000,4000,1408,1408,90,0,300,1,841,959.71,943.11,118.00,0.1230,928,1266,1438,1530
halide,nv21_resize_rgb,nearest,3000,4000,1408,1408,90,0,300,2,843,1164.37,1131.04,333.58,0.2865,1044,1821,2099,3105
halide,nv21_resize_rgb,nearest,3000,4000,1408,1408,90,0,300,3,773,955.33,930.79,200.79,0.2102,869,1433,1607,1746
halide,nv21_resize_rgb,linear,1080,1440,384,384,90,0,300,0,409,680.97,674.10,144.41,0.2121,667,963,1056,1211
halide,nv21_resize_rgb,linear,1080,1440,384,384,90,0,300,1,329,562.52,544.10,169.48,0.3013,537,804,1451,1609
halide,nv21_resize_rgb,linear,1080,1440,384,384,90,0,300,2,400,633.78,605.55,222.78,0.3515,554,1056,1411,1945
halide,nv21_resize_rgb,linear,1080,1440,384,384,90,0,300,3,455,756.83,738.59,191.78,0.2534,703,1169,1301,1856
halide,nv21_resize_rgb,linear,1080,1440,518,518,90,0,300,0,625,1090.62,1068.89,277.71,0.2546,1033,1607,1933,2767
halide,nv21_resize_rgb,linear,1080,1440,518,518,90,0,300,1,410,546.48,532.34,127.72,0.2337,497,859,939,1012
halide,nv21_resize_rgb,linear,1080,1440,518,518,90,0,300,2,1017,1500.67,1461.49,369.21,0.2460,1412,2210,2917,3382
halide,nv21_resize_rgb,linear,1080,1440,518,518,90,0,300,3,611,981.54,965.50,204.71,0.2086,935,1339,1796,1863
halide,nv21_resize_rgb,linear,1080,1440,640,640,90,0,300,0,666,1196.01,1175.69,334.58,0.2797,1140,1740,2226,2811
halide,nv21_resize_rgb,linear,1080,1440,640,640,90,0,300,1,687,792.82,771.34,153.10,0.1931,727,1144,1378,1480
halide,nv21_resize_rgb,linear,1080,1440,640,640,90,0,300,2,1325,2183.81,2144.83,556.77,0.2550,2128,3250,4168,4257
halide,nv21_resize_rgb,linear,1080,1440,640,640,90,0,300,3,708,1167.74,1125.11,443.70,0.3800,1040,2036,2514,3395
halide,nv21_resize_rgb,linear,1080,1440,1280,1280,90,0,300,0,2651,2784.41,2774.56,98.92,0.0355,2763,2921,3062,3539
halide,nv21_resize_rgb,linear,1080,1440,1280,1280,90,0,300,1,2358,2609.51,2607.83,142.95,0.0548,2669,2791,2899,3079
halide,nv21_resize_rgb,linear,1080,1440,1280,1280,90,0,300,2,2693,3027.94,2992.84,309.61,0.1023,2914,3547,4129,4767
halide,nv21_resize_rgb,linear,1080,1440,1280,1280,90,0,300,3,2629,2739.95,2731.16,87.62,0.0320,2717,2929,3017,3218
halide,nv21_resize_rgb,linear,1080,1440,1408,1408,90,0,300,0,2960,3169.86,3149.49,155.48,0.0490,3134,3611,3750,3816
halide,nv21_resize_rgb,linear,1080,1440,1408,1408,90,0,300,1,2938,3162.70,3153.54,163.36,0.0517,3134,3335,3722,3986
halide,nv21_resize_rgb,linear,1080,1440,1408,1408,90,0,300,2,2944,3429.53,3383.81,396.65,0.1157,3358,3880,4986,6155
halide,nv21_resize_rgb,linear,1080,1440,1408,1408,90,0,300,3,2960,3146.46,3122.29,163.59,0.0520,3111,3376,3859,4117
halide,nv21_resize_rgb,linear,2296,3056,384,384,90,0,300,0,439,778.70,756.09,231.81,0.2977,713,1280,1521,1963
halide,nv21_resize_rgb,linear,2296,3056,384,384,90,0,300,1,419,669.70,650.09,189.80,0.2834,628,1005,1387,1705
halide,nv21_resize_rgb,linear,2296,3056,384,384,90,0,300,2,400,572.49,554.97,154.86,0.2705,531,929,1073,1349
halide,nv21_resize_rgb,linear,2296,3056,384,384,90,0,300,3,453,721.64,708.37,158.95,0.2203,702,985,1416,1533
halide,nv21_resize_rgb,linear,2296,3056,518,518,90,0,300,0,547,795.05,776.39,209.84,0.2639,751,1143,1544,2249
halide,nv21_resize_rgb,linear,2296,3056,518,518,90,0,300,1,437,573.93,562.21,127.22,0.2217,524,853,903,1174
halide,nv21_resize_rgb,linear,2296,3056,518,518,90,0,300,2,1038,1643.52,1601.80,431.86,0.2628,1525,2539,3048,4236
halide,nv21_resize_rgb,linear,2296,3056,518,518,90,0,300,3,574,906.63,896.93,164.84,0.1818,867,1208,1442,1532
halide,nv21_resize_rgb,linear,2296,3056,640,640,90,0,300,0,706,909.06,891.73,186.69,0.2054,848,1271,1507,1569
halide,nv21_resize_rgb,linear,2296,3056,640,640,90,0,300,1,686,819.98,802.66,141.00,0.1720,776,1084,1236,2268
halide,nv21_resize_rgb,linear,2296,3056,640,640,90,0,300,2,1280,2002.75,1955.68,515.88,0.2576,1873,2947,3684,4613
halide,nv21_resize_rgb,linear,2296,3056,640,640,90,0,300,3,706,981.65,954.17,277.52,0.2827,870,1551,1757,2225
halide,nv21_resize_rgb,linear,2296,3056,1280,1280,90,0,300,0,2668,2808.21,2797.74,106.36,0.0379,2783,2966,3297,3598
halide,nv21_resize_rgb,linear,2296,3056,1280,1280,90,0,300,1,2385,2662.11,2659.76,136.48,0.0513,2708,2797,3027,3412
halide,nv21_resize_rgb,linear,2296,3056,1280,1280,90,0,300,2,2716,3016.27,2976.54,315.82,0.1047,2906,3569,4285,4764
halide,nv21_resize_rgb,linear,2296,3056,1280,1280,90,0,300,3,2648,2786.19,2772.47,122.43,0.0439,2765,2933,3346,3972
halide,nv21_resize_rgb,linear,2296,3056,1408,1408,90,0,300,0,2950,3229.45,3206.60,200.15,0.0620,3158,3677,3884,4408
halide,nv21_resize_rgb,linear,2296,3056,1408,1408,90,0,300,1,2941,3165.21,3161.02,145.16,0.0459,3112,3351,3406,3878
halide,nv21_resize_rgb,linear,2296,3056,1408,1408,90,0,300,2,2952,3459.70,3397.81,497.44,0.1438,3366,3870,5130,7921
halide,nv21_resize_rgb,linear,2296,3056,1408,1408,90,0,300,3,2941,3148.16,3136.01,123.79,0.0393,3123,3388,3566,4016
halide,nv21_resize_rgb,linear,3000,4000,384,384,90,0,300,0,501,792.37,768.41,222.40,0.2807,741,1133,1753,2271
halide,nv21_resize_rgb,linear,3000,4000,384,384,90,0,300,1,303,454.58,444.54,119.34,0.2625,433,655,760,1340
halide,nv21_resize_rgb,linear,3000,4000,384,384,90,0,300,2,401,527.76,510.61,135.89,0.2575,477,805,970,1512
halide,nv21_resize_rgb,linear,3000,4000,384,384,90,0,300,3,413,739.81,722.98,199.19,0.2692,690,1127,1405,1719
halide,nv21_resize_rgb,linear,3000,4000,518,518,90,0,300,0,565,930.31,911.15,241.22,0.2593,859,1352,1626,2811
halide,nv21_resize_rgb,linear,3000,4000,518,518,90,0,300,1,445,612.47,593.46,182.97,0.2987,522,1006,1202,1239
halide,nv21_resize_rgb,linear,3000,4000,518,518,90,0,300,2,787,1627.32,1583.85,454.49,0.2793,1505,2419,3311,3943
halide,nv21_resize_rgb,linear,3000,4000,518,518,90,0,300,3,608,1115.19,1088.55,281.42,0.2523,1074,1612,1978,2583
halide,nv21_resize_rgb,linear,3000,4000,640,640,90,0,300,0,752,1133.74,1119.41,216.26,0.1907,1091,1516,1774,2119
halide,nv21_resize_rgb,linear,3000,4000,640,640,90,0,300,1,684,809.85,786.59,170.02,0.2099,742,1194,1354,2019
halide,nv21_resize_rgb,linear,3000,4000,640,640,90,0,300,2,1352,1994.91,1957.99,441.32,0.2212,1913,2844,3548,3899
halide,nv21_resize_rgb,linear,3000,4000,640,640,90,0,300,3,683,958.45,927.61,270.02,0.2817,845,1502,1831,2365
halide,nv21_resize_rgb,linear,3000,4000,1280,1280,90,0,300,0,2691,2848.00,2831.58,134.42,0.0472,2812,3083,3459,3801
halide,nv21_resize_rgb,linear,3000,4000,1280,1280,90,0,300,1,2371,2660.53,2654.40,157.88,0.0593,2708,2806,3058,3926
halide,nv21_resize_rgb,linear,3000,4000,1280,1280,90,0,300,2,2737,3072.63,3008.11,436.85,0.1422,2939,3872,4944,6914
halide,nv21_resize_rgb,linear,3000,4000,1280,1280,90,0,300,3,2657,2787.46,2778.73,93.17,0.0334,2767,2952,3032,3542
halide,nv21_resize_rgb,linear,3000,4000,1408,1408,90,0,300,0,2977,3185.46,3167.45,142.88,0.0449,3148,3538,3731,3881
halide,nv21_resize_rgb,linear,3000,4000,1408,1408,90,0,300,1,2966,3183.05,3175.92,155.38,0.0488,3153,3369,3536,4107
halide,nv21_resize_rgb,linear,3000,4000,1408,1408,90,0,300,2,2976,3446.05,3397.53,482.01,0.1399,3352,3899,5039,8662
halide,nv21_resize_rgb,linear,3000,4000,1408,1408,90,0,300,3,3008,3328.66,3309.73,270.46,0.0813,3183,3788,3976,4424
halide,nv21_resize_rgb,area,1080,1440,384,384,90,0,300,0,10999,17629.42,17546.03,4165.82,0.2363,18065,23824,26429,28709
halide,nv21_resize_rgb,area,1080,1440,384,384,90,0,300,1,9625,11960.23,11873.89,1273.95,0.1065,11948,14189,15797,17259
halide,nv21_resize_rgb,area,1080,1440,384,384,90,0,300,2,14595,16149.21,16051.53,1319.71,0.0817,15777,18693,19243,24820
halide,nv21_resize_rgb,area,1080,1440,384,384,90,0,300,3,10796,17190.44,17137.21,3009.57,0.1751,17073,22680,24151,28620
halide,nv21_resize_rgb,area,1080,1440,518,518,90,0,300,0,19007,23371.99,23234.73,2182.32,0.0934,22964,27908,29806,34284
halide,nv21_resize_rgb,area,1080,1440,518,518,90,0,300,1,16175,17744.52,17681.10,1087.55,0.0613,17603,19712,20538,23083
halide,nv21_resize_rgb,area,1080,1440,518,518,90,0,300,2,21195,25944.66,25765.33,2816.21,0.1085,25481,31239,34470,35496
halide,nv21_resize_rgb,area,1080,1440,518,518,90,0,300,3,19041,22709.80,22636.70,1705.08,0.0751,22549,25736,27962,29958
halide,nv21_resize_rgb,area,1080,1440,640,640,90,0,300,0,22783,24728.75,24675.27,1151.81,0.0466,24552,26871,27721,28272
halide,nv21_resize_rgb,area,1080,1440,640,640,90,0,300,1,21828,23101.95,23061.91,666.21,0.0288,23076,24223,25230,25775
halide,nv21_resize_rgb,area,1080,1440,640,640,90,0,300,2,22950,25954.10,25910.09,1535.62,0.0592,25929,28455,29675,31224
halide,nv21_resize_rgb,area,1080,1440,640,640,90,0,300,3,22504,24589.64,24536.63,1141.11,0.0464,24329,26448,27629,29408
halide,nv21_resize_rgb,area,2296,3056,384,384,90,0,300,0,16419,19057.25,18855.57,2337.93,0.1227,18538,23476,25171,33991
halide,nv21_resize_rgb,area,2296,3056,384,384,90,0,300,1,15652,17478.93,17462.57,964.14,0.0552,17585,19078,19533,21311
halide,nv21_resize_rgb,area,2296,3056,384,384,90,0,300,2,24366,27059.79,26994.51,1403.26,0.0519,26999,29302,31166,33908
halide,nv21_resize_rgb,area,2296,3056,384,384,90,0,300,3,16344,20295.29,19740.92,4571.21,0.2252,18766,30549,36281,43464
halide,nv21_resize_rgb,area,2296,3056,518,518,90,0,300,0,28904,33152.90,33103.48,2062.02,0.0622,32978,36562,38236,40713
halide,nv21_resize_rgb,area,2296,3056,518,518,90,0,300,1,25778,27853.63,27831.43,1046.94,0.0376,27766,29604,30075,31565
halide,nv21_resize_rgb,area,2296,3056,518,518,90,0,300,2,32777,39045.23,38864.24,3152.02,0.0807,38322,45231,47581,51988
halide,nv21_resize_rgb,area,2296,3056,518,518,90,0,300,3,28943,33232.36,33097.10,2352.22,0.0708,32868,37455,39926,42270
halide,nv21_resize_rgb,area,2296,3056,640,640,90,0,300,0,33448,36205.47,36138.84,1199.44,0.0331,36039,38188,39304,42643
halide,nv21_resize_rgb,area,2296,3056,640,640,90,0,300,1,32556,34443.11,34405.99,912.92,0.0265,34298,36009,36958,37499
halide,nv21_resize_rgb,area,2296,3056,640,640,90,0,300,2,34614,37447.90,37406.17,1344.40,0.0359,37240,39903,40873,41520
halide,nv21_resize_rgb,area,2296,3056,640,640,90,0,300,3,34080,36336.59,36262.48,1228.55,0.0338,36170,38540,39754,41946
halide,nv21_resize_rgb,area,2296,3056,1280,1280,90,0,300,0,88535,99679.38,98983.38,8220.70,0.0825,96817,116957,124815,128012
halide,nv21_resize_rgb,area,2296,3056,1280,1280,90,0,300,1,81355,98222.07,97906.66,11429.01,0.1164,99082,114793,121055,128101
halide,nv21_resize_rgb,area,2296,3056,1280,1280,90,0,300,2,92145,106373.71,105930.27,10570.28,0.0994,103273,123572,127298,141151
halide,nv21_resize_rgb,area,2296,3056,1280,1280,90,0,300,3,89929,104702.55,104285.72,10311.03,0.0985,103337,122668,125899,131552
halide,nv21_resize_rgb,area,2296,3056,1408,1408,90,0,300,0,101751,127758.82,127917.52,15510.70,0.1214,135160,146655,149505,156619
halide,nv21_resize_rgb,area,2296,3056,1408,1408,90,0,300,1,99740,121172.52,121116.53,12650.28,0.1044,124976,138426,143635,148864
halide,nv21_resize_rgb,area,2296,3056,1408,1408,90,0,300,2,102980,133657.29,133422.49,19055.62,0.1426,137342,161703,168176,176857
halide,nv21_resize_rgb,area,2296,3056,1408,1408,90,0,300,3,102458,130166.76,130422.93,14234.47,0.1094,135140,146918,154079,172267
halide,nv21_resize_rgb,area,3000,4000,384,384,90,0,300,0,17806,20790.73,20403.56,3188.33,0.1534,19902,25838,33317,42323
halide,nv21_resize_rgb,area,3000,4000,384,384,90,0,300,1,16898,19146.48,19068.31,1296.08,0.0677,19173,21422,23681,24886
halide,nv21_resize_rgb,area,3000,4000,384,384,90,0,300,2,25986,29240.92,29204.63,1500.45,0.0513,29113,31449,32988,37571
halide,nv21_resize_rgb,area,3000,4000,384,384,90,0,300,3,17792,21155.37,20820.43,3114.69,0.1472,20622,26748,31752,41343
halide,nv21_resize_rgb,area,3000,4000,518,518,90,0,300,0,32210,36169.13,36090.03,1899.23,0.0525,35948,39169,42113,43854
halide,nv21_resize_rgb,area,3000,4000,518,518,90,0,300,1,28454,30853.82,30831.69,1116.89,0.0362,30752,32553,33285,34810
halide,nv21_resize_rgb,area,3000,4000,518,518,90,0,300,2,37217,42181.36,41915.66,3142.84,0.0745,41514,49182,52467,53596
halide,nv21_resize_rgb,area,3000,4000,518,518,90,0,300,3,32129,36236.34,36172.32,2069.89,0.0571,35987,39797,41793,44342
halide,nv21_resize_rgb,area,3000,4000,640,640,90,0,300,0,42125,45218.44,45151.01,1342.51,0.0297,44994,47786,49246,50028
halide,nv21_resize_rgb,area,3000,4000,640,640,90,0,300,1,39119,42637.85,42623.92,1447.11,0.0339,42806,44867,45613,46438
halide,nv21_resize_rgb,area,3000,4000,640,640,90,0,300,2,43557,46771.33,46711.48,1357.99,0.0290,46603,49341,50722,51194
halide,nv21_resize_rgb,area,3000,4000,640,640,90,0,300,3,42472,45210.00,45118.96,1337.26,0.0296,45000,47543,49195,51252
halide,nv21_resize_rgb,area,3000,4000,1280,1280,90,0,300,0,106224,126881.88,126602.40,11747.97,0.0926,127691,146832,152556,155168
halide,nv21_resize_rgb,area,3000,4000,1280,1280,90,0,300,1,97370,121797.17,121848.94,13252.15,0.1088,125939,139490,145148,151803
halide,nv21_resize_rgb,area,3000,4000,1280,1280,90,0,300,2,107735,128969.29,128659.25,12541.92,0.0972,129034,149843,154453,158075
halide,nv21_resize_rgb,area,3000,4000,1280,1280,90,0,300,3,107973,130096.43,130078.61,11138.05,0.0856,131199,147507,152590,165898
halide,nv21_resize_rgb,area,3000,4000,1408,1408,90,0,300,0,120186,151993.18,152229.63,17475.02,0.1150,157685,172903,183066,190379
halide,nv21_resize_rgb,area,3000,4000,1408,1408,90,0,300,1,118819,149045.88,149590.64,10832.49,0.0727,150634,163036,168786,169524
halide,nv21_resize_rgb,area,3000,4000,1408,1408,90,0,300,2,120671,159684.54,159165.33,23537.97,0.1474,163595,194880,214651,221628
halide,nv21_resize_rgb,area,3000,4000,1408,1408,90,0,300,3,120457,155542.57,155746.41,20210.52,0.1299,162587,180393,189106,201142
halide,rotate,linear,1080,1440,1440,1080,90,0,300,0,520,641.03,628.81,109.46,0.1708,611,836,1053,1196
halide,rotate,linear,1080,1440,1440,1080,90,0,300,1,274,408.29,392.00,130.88,0.3206,370,622,829,1446
halide,rotate,linear,1080,1440,1440,1080,90,0,300,2,551,697.38,671.19,189.60,0.2719,613,1062,1540,1848
halide,rotate,linear,1080,1440,1440,1080,90,0,300,3,491,592.01,577.70,111.20,0.1878,559,773,944,1566
halide,rotate,linear,1080,1440,1080,1440,180,0,300,0,371,415.95,409.26,41.22,0.0991,402,498,589,670
halide,rotate,linear,1080,1440,1080,1440,180,0,300,1,169,324.19,304.35,163.88,0.5055,293,479,1173,1312
halide,rotate,linear,1080,1440,1080,1440,180,0,300,2,168,264.98,248.25,134.48,0.5075,226,417,691,1610
halide,rotate,linear,1080,1440,1080,1440,180,0,300,3,363,426.47,415.53,79.80,0.1871,412,491,729,1426
halide,rotate,linear,1080,1440,1440,1080,270,0,300,0,611,687.41,668.15,133.86,0.1947,628,931,1079,1866
halide,rotate,linear,1080,1440,1440,1080,270,0,300,1,534,666.48,659.89,88.14,0.1323,654,801,877,1485
halide,rotate,linear,1080,1440,1440,1080,270,0,300,2,222,356.40,346.18,109.27,0.3066,337,555,691,1336
halide,rotate,linear,1080,1440,1440,1080,270,0,300,3,540,616.44,610.51,53.93,0.0875,604,710,853,928
halide,rotate,linear,2296,3056,3056,2296,90,0,300,0,7436,9531.41,9490.98,1025.47,0.1076,9405,11379,12135,14539
halide,rotate,linear,2296,3056,3056,2296,90,0,300,1,5645,6063.78,6048.33,292.79,0.0483,6046,6455,6714,8118
halide,rotate,linear,2296,3056,3056,2296,90,0,300,2,4505,4908.12,4902.81,246.69,0.0503,4954,5227,5609,5863
halide,rotate,linear,2296,3056,3056,2296,90,0,300,3,8525,10387.64,10346.47,913.20,0.0879,10273,12019,13005,13198
halide,rotate,linear,2296,3056,2296,3056,180,0,300,0,1012,1172.38,1151.58,168.88,0.1440,1128,1427,1835,2385
halide,rotate,linear,2296,3056,2296,3056,180,0,300,1,733,877.31,870.55,92.99,0.1060,862,1038,1124,1493
halide,rotate,linear,2296,3056,2296,3056,180,0,300,2,825,994.80,974.59,151.16,0.1519,978,1202,1824,1895
halide,rotate,linear,2296,3056,2296,3056,180,0,300,3,1017,1133.92,1115.51,149.44,0.1318,1112,1320,1542,2625
halide,rotate,linear,2296,3056,3056,2296,270,0,300,0,7046,8046.40,7999.76,650.41,0.0808,7912,9226,9995,10832
halide,rotate,linear,2296,3056,3056,2296,270,0,300,1,5536,6089.39,6073.20,299.92,0.0493,6014,6477,7023,8167
halide,rotate,linear,2296,3056,3056,2296,270,0,300,2,5699,6125.31,6108.11,322.03,0.0526,6032,6597,6863,7639
halide,rotate,linear,2296,3056,3056,2296,270,0,300,3,8162,10255.59,10226.57,878.18,0.0856,10100,11907,12709,12967
halide,rotate,linear,3000,4000,4000,3000,90,0,300,0,17835,21827.71,21802.81,1436.57,0.0658,21643,24490,25427,25733
halide,rotate,linear,3000,4000,4000,3000,90,0,300,1,12407,15686.83,15619.83,1564.23,0.0997,15461,18781,19984,20977
halide,rotate,linear,3000,4000,4000,3000,90,0,300,2,9742,10294.18,10254.92,496.58,0.0482,10011,11217,11621,11895
halide,rotate,linear,3000,4000,4000,3000,90,0,300,3,19931,23236.67,23197.01,1324.97,0.0570,23106,25392,26533,28918
halide,rotate,linear,3000,4000,3000,4000,180,0,300,0,1601,1796.73,1762.50,256.01,0.1425,1692,2364,2680,3252
halide,rotate,linear,3000,4000,3000,4000,180,0,300,1,1401,1615.26,1606.31,148.24,0.0918,1574,1895,2002,2162
halide,rotate,linear,3000,4000,3000,4000,180,0,300,2,1452,1636.47,1598.98,254.08,0.1553,1589,1772,2862,3763
halide,rotate,linear,3000,4000,3000,4000,180,0,300,3,1849,2036.36,2024.80,136.44,0.0670,2005,2323,2473,2690
halide,rotate,linear,3000,4000,4000,3000,270,0,300,0,17825,20607.66,20591.66,1142.35,0.0554,20562,22584,23779,24202
halide,rotate,linear,3000,4000,4000,3000,270,0,300,1,10779,11464.97,11432.96,464.51,0.0405,11296,12291,12876,13510
halide,rotate,linear,3000,4000,4000,3000,270,0,300,2,10928,11525.57,11468.35,588.20,0.0510,11200,12634,13216,13732
halide,rotate,linear,3000,4000,4000,3000,270,0,300,3,20582,23664.01,23650.42,1372.57,0.0580,23605,25889,27052,27693
